-- phpMyAdmin SQL Dump
-- version 4.7.4
-- https://www.phpmyadmin.net/
--
-- Хост: 127.0.0.1
-- Время создания: Май 24 2018 г., 16:19
-- Версия сервера: 10.1.28-MariaDB
-- Версия PHP: 7.1.10

SET SQL_MODE = "NO_AUTO_VALUE_ON_ZERO";
SET AUTOCOMMIT = 0;
START TRANSACTION;
SET time_zone = "+00:00";


/*!40101 SET @OLD_CHARACTER_SET_CLIENT=@@CHARACTER_SET_CLIENT */;
/*!40101 SET @OLD_CHARACTER_SET_RESULTS=@@CHARACTER_SET_RESULTS */;
/*!40101 SET @OLD_COLLATION_CONNECTION=@@COLLATION_CONNECTION */;
/*!40101 SET NAMES utf8mb4 */;

--
-- База данных: `gazauto`
--

-- --------------------------------------------------------

--
-- Структура таблицы `fields`
--

CREATE TABLE `fields` (
  `id` int(11) NOT NULL,
  `tableId` int(11) NOT NULL,
  `i` int(11) NOT NULL,
  `name_column` varchar(32) NOT NULL,
  `type` varchar(12) NOT NULL,
  `value` varchar(128) DEFAULT NULL,
  `linkId` int(11) DEFAULT NULL,
  `linkType` varchar(12) DEFAULT NULL,
  `stateId` int(11) DEFAULT NULL,
  `stateValue` int(11) DEFAULT NULL,
  `info` varchar(512) DEFAULT NULL
) ENGINE=InnoDB DEFAULT CHARSET=utf8;

--
-- Дамп данных таблицы `fields`
--

INSERT INTO `fields` (`id`, `tableId`, `i`, `name_column`, `type`, `value`, `linkId`, `linkType`, `stateId`, `stateValue`, `info`) VALUES
(695, 66, 2, 'Название', 'value', 'test', NULL, NULL, NULL, NULL, NULL),
(696, 66, 2, 'Модель', 'value', '', NULL, NULL, NULL, NULL, NULL),
(700, 66, 3, 'Модель', 'value', '', NULL, NULL, NULL, NULL, NULL),
(763, 102, 0, 'Первое поле', 'head', NULL, NULL, NULL, NULL, NULL, NULL),
(772, 102, 1, 'Первое поле', 'value', '123sdfsdf123', NULL, NULL, NULL, NULL, NULL),
(773, 102, 2, 'Первое поле', 'value', '', NULL, NULL, NULL, NULL, NULL),
(774, 66, 0, 'Номер', 'head', NULL, NULL, NULL, NULL, NULL, NULL),
(775, 66, 1, 'Название', 'head', NULL, NULL, NULL, NULL, NULL, NULL),
(776, 66, 2, 'Модель', 'head', NULL, NULL, NULL, NULL, NULL, NULL),
(777, 66, 3, 'тест', 'head', NULL, NULL, NULL, NULL, NULL, NULL),
(792, 66, 2, 'Номер', 'link', '1', 2, 'value', NULL, NULL, NULL),
(793, 66, 3, 'Номер', 'link', '2', 2, 'value', NULL, NULL, NULL),
(794, 66, 3, 'Название', 'link', '1', 2, 'value', NULL, NULL, NULL),
(795, 66, 2, 'тест', 'value', '', NULL, NULL, NULL, NULL, NULL),
(796, 66, 3, 'тест', 'value', '', NULL, NULL, NULL, NULL, NULL),
(797, 66, 4, 'Номер', 'link', '0', 2, 'value', NULL, NULL, NULL),
(798, 66, 4, 'Название', 'link', '', 772, 'cell', NULL, NULL, NULL),
(799, 66, 4, 'Модель', 'value', '', NULL, NULL, NULL, NULL, NULL),
(800, 66, 4, 'тест', 'value', '', NULL, NULL, NULL, NULL, NULL),
(801, 66, 5, 'Номер', 'link', '0', 2, 'value', NULL, NULL, NULL),
(802, 66, 5, 'Название', 'link', '', 798, 'cell', NULL, NULL, NULL),
(803, 66, 5, 'Модель', 'value', '', NULL, NULL, NULL, NULL, NULL),
(804, 66, 5, 'тест', 'value', '', NULL, NULL, NULL, NULL, NULL),
(805, 66, 6, 'Номер', 'link', '0', 2, 'value', NULL, NULL, NULL),
(806, 66, 6, 'Название', 'value', '', NULL, NULL, NULL, NULL, NULL),
(807, 66, 6, 'Модель', 'value', '', NULL, NULL, NULL, NULL, NULL),
(808, 66, 6, 'тест', 'value', '', NULL, NULL, NULL, NULL, NULL),
(889, 66, 7, 'Номер', 'link', '0', 2, 'value', NULL, NULL, NULL),
(890, 66, 7, 'Название', 'value', '', NULL, NULL, NULL, NULL, NULL),
(891, 66, 7, 'Модель', 'value', '', NULL, NULL, NULL, NULL, NULL),
(892, 66, 7, 'тест', 'value', '', NULL, NULL, NULL, NULL, NULL),
(893, 66, 8, 'Номер', 'link', '0', 2, 'value', NULL, NULL, NULL),
(894, 66, 8, 'Название', 'value', '', NULL, NULL, NULL, NULL, NULL),
(895, 66, 8, 'Модель', 'value', '', NULL, NULL, NULL, NULL, NULL),
(896, 66, 8, 'тест', 'value', '', NULL, NULL, NULL, NULL, NULL),
(897, 66, 9, 'Номер', 'link', '0', 2, 'value', NULL, NULL, NULL),
(898, 66, 9, 'Название', 'value', '', NULL, NULL, NULL, NULL, NULL),
(899, 66, 9, 'Модель', 'value', '', NULL, NULL, NULL, NULL, NULL),
(900, 66, 9, 'тест', 'value', '', NULL, NULL, NULL, NULL, NULL),
(901, 66, 10, 'Номер', 'link', '0', 2, 'value', NULL, NULL, NULL),
(902, 66, 10, 'Название', 'value', '', NULL, NULL, NULL, NULL, NULL),
(903, 66, 10, 'Модель', 'value', '', NULL, NULL, NULL, NULL, NULL),
(904, 66, 10, 'тест', 'value', '', NULL, NULL, NULL, NULL, NULL),
(905, 66, 11, 'Номер', 'link', '0', 2, 'value', NULL, NULL, NULL),
(906, 66, 11, 'Название', 'value', '', NULL, NULL, NULL, NULL, NULL),
(907, 66, 11, 'Модель', 'value', '', NULL, NULL, NULL, NULL, NULL),
(908, 66, 11, 'тест', 'value', '', NULL, NULL, NULL, NULL, NULL),
(909, 66, 12, 'Номер', 'link', '0', 2, 'value', NULL, NULL, NULL),
(910, 66, 12, 'Название', 'value', '', NULL, NULL, NULL, NULL, NULL),
(911, 66, 12, 'Модель', 'value', '', NULL, NULL, NULL, NULL, NULL),
(912, 66, 12, 'тест', 'value', '', NULL, NULL, NULL, NULL, NULL),
(913, 66, 13, 'Номер', 'link', '0', 2, 'value', NULL, NULL, NULL),
(914, 66, 13, 'Название', 'value', '', NULL, NULL, NULL, NULL, NULL),
(915, 66, 13, 'Модель', 'value', '', NULL, NULL, NULL, NULL, NULL),
(916, 66, 13, 'тест', 'value', '', NULL, NULL, NULL, NULL, NULL),
(917, 66, 14, 'Номер', 'link', '0', 2, 'value', NULL, NULL, NULL),
(918, 66, 14, 'Название', 'value', '', NULL, NULL, NULL, NULL, NULL),
(919, 66, 14, 'Модель', 'value', '', NULL, NULL, NULL, NULL, NULL),
(920, 66, 14, 'тест', 'value', '', NULL, NULL, NULL, NULL, NULL),
(921, 66, 15, 'Номер', 'link', '0', 2, 'value', NULL, NULL, NULL),
(922, 66, 15, 'Название', 'value', '', NULL, NULL, NULL, NULL, NULL),
(923, 66, 15, 'Модель', 'value', '', NULL, NULL, NULL, NULL, NULL),
(924, 66, 15, 'тест', 'value', '', NULL, NULL, NULL, NULL, NULL),
(925, 66, 16, 'Номер', 'link', '0', 2, 'value', NULL, NULL, NULL),
(926, 66, 16, 'Название', 'value', '', NULL, NULL, NULL, NULL, NULL),
(927, 66, 16, 'Модель', 'value', '', NULL, NULL, NULL, NULL, NULL),
(928, 66, 16, 'тест', 'value', '', NULL, NULL, NULL, NULL, NULL),
(929, 66, 17, 'Номер', 'link', '0', 2, 'value', NULL, NULL, NULL),
(930, 66, 17, 'Название', 'value', '', NULL, NULL, NULL, NULL, NULL),
(931, 66, 17, 'Модель', 'value', '', NULL, NULL, NULL, NULL, NULL),
(932, 66, 17, 'тест', 'value', '', NULL, NULL, NULL, NULL, NULL),
(933, 66, 18, 'Номер', 'link', '0', 2, 'value', NULL, NULL, NULL),
(934, 66, 18, 'Название', 'value', '', NULL, NULL, NULL, NULL, NULL),
(935, 66, 18, 'Модель', 'value', '', NULL, NULL, NULL, NULL, NULL),
(936, 66, 18, 'тест', 'value', '', NULL, NULL, NULL, NULL, NULL),
(937, 66, 19, 'Номер', 'link', '0', 2, 'value', NULL, NULL, NULL),
(938, 66, 19, 'Название', 'value', '', NULL, NULL, NULL, NULL, NULL),
(939, 66, 19, 'Модель', 'value', '', NULL, NULL, NULL, NULL, NULL),
(940, 66, 19, 'тест', 'value', '', NULL, NULL, NULL, NULL, NULL),
(941, 66, 20, 'Номер', 'link', '0', 2, 'value', NULL, NULL, NULL),
(942, 66, 20, 'Название', 'value', '', NULL, NULL, NULL, NULL, NULL),
(943, 66, 20, 'Модель', 'value', '', NULL, NULL, NULL, NULL, NULL),
(944, 66, 20, 'тест', 'value', '', NULL, NULL, NULL, NULL, NULL),
(945, 66, 21, 'Номер', 'link', '0', 2, 'value', NULL, NULL, NULL),
(946, 66, 21, 'Название', 'value', '', NULL, NULL, NULL, NULL, NULL),
(947, 66, 21, 'Модель', 'value', '', NULL, NULL, NULL, NULL, NULL),
(948, 66, 21, 'тест', 'value', '', NULL, NULL, NULL, NULL, NULL),
(949, 102, 3, 'Первое поле', 'value', '', NULL, NULL, NULL, NULL, NULL);

-- --------------------------------------------------------

--
-- Структура таблицы `main_log`
--

CREATE TABLE `main_log` (
  `id` int(11) NOT NULL,
  `type` varchar(12) NOT NULL,
  `operation` varchar(32) NOT NULL,
  `value` varchar(256) NOT NULL,
  `date` datetime NOT NULL,
  `dateUpdate` datetime DEFAULT NULL,
  `login` varchar(32) NOT NULL
) ENGINE=InnoDB DEFAULT CHARSET=utf8;

--
-- Дамп данных таблицы `main_log`
--

INSERT INTO `main_log` (`id`, `type`, `operation`, `value`, `date`, `dateUpdate`, `login`) VALUES
(1, 'table', 'open', '66', '0000-00-00 00:00:00', '2018-05-24 16:32:42', 'admin'),
(2, 'table', 'open', '66', '2018-05-23 17:03:29', '2018-05-23 17:14:14', 'admin'),
(3, 'table', 'open', '66', '2018-05-23 17:14:17', '2018-05-23 17:14:22', 'admin'),
(4, 'table', 'open', '66', '2018-05-23 17:14:25', '2018-05-23 17:14:28', 'admin'),
(5, 'table', 'open', '66', '2018-05-23 17:14:32', '2018-05-23 17:14:36', 'admin'),
(6, 'table', 'open', '66', '2018-05-23 17:14:38', '2018-05-23 17:15:17', 'admin'),
(7, 'table', 'open', '66', '2018-05-23 17:15:19', '2018-05-23 17:16:04', 'admin'),
(8, 'table', 'open', '66', '2018-05-23 17:16:07', '2018-05-23 17:16:32', 'admin'),
(9, 'table', 'open', '66', '2018-05-23 17:16:34', '2018-05-23 17:17:58', 'admin'),
(10, 'table', 'open', '66', '2018-05-23 17:17:59', NULL, 'admin'),
(11, 'table', 'open', '66', '2018-05-23 17:18:02', '2018-05-23 17:18:10', 'admin'),
(12, 'table', 'open', '66', '2018-05-23 17:18:11', '2018-05-23 17:18:32', 'admin'),
(13, 'table', 'open', '66', '2018-05-23 17:18:34', '2018-05-23 17:20:04', 'admin'),
(14, 'user', 'enter', '', '2018-05-23 17:18:50', NULL, 'test'),
(15, 'table', 'open', '66', '2018-05-23 17:18:51', '2018-05-23 17:20:02', 'test'),
(16, 'table', 'open', '66', '2018-05-23 17:20:04', '2018-05-23 17:20:17', 'test'),
(17, 'table', 'open', '66', '2018-05-23 17:20:05', '2018-05-23 17:20:17', 'admin'),
(18, 'table', 'open', '66', '2018-05-23 17:20:19', '2018-05-23 17:20:35', 'test'),
(19, 'table', 'open', '66', '2018-05-23 17:20:19', '2018-05-23 17:20:34', 'admin'),
(20, 'table', 'open', '66', '2018-05-23 17:20:36', '2018-05-23 17:21:11', 'test'),
(21, 'table', 'open', '66', '2018-05-23 17:20:37', '2018-05-23 17:21:11', 'admin'),
(22, 'table', 'open', '66', '2018-05-23 17:21:13', '2018-05-23 17:21:13', 'test'),
(23, 'table', 'open', '66', '2018-05-23 17:21:13', '2018-05-23 17:22:55', 'admin'),
(24, 'table', 'open', '66', '2018-05-23 17:21:15', '2018-05-23 17:22:56', 'test'),
(25, 'table', 'open', '66', '2018-05-23 17:22:58', '2018-05-23 17:23:36', 'test'),
(26, 'table', 'open', '66', '2018-05-23 17:22:58', '2018-05-23 17:23:37', 'admin'),
(27, 'table', 'open', '66', '2018-05-23 17:23:38', '2018-05-23 17:24:09', 'test'),
(28, 'table', 'open', '66', '2018-05-23 17:23:39', '2018-05-23 17:24:08', 'admin'),
(29, 'table', 'open', '66', '2018-05-23 17:24:11', '2018-05-23 17:24:27', 'test'),
(30, 'table', 'open', '66', '2018-05-23 17:24:11', '2018-05-23 17:24:26', 'admin'),
(31, 'table', 'open', '66', '2018-05-23 17:24:29', '2018-05-23 17:24:31', 'test'),
(32, 'table', 'open', '66', '2018-05-23 17:24:29', '2018-05-23 17:24:31', 'admin'),
(33, 'table', 'open', '66', '2018-05-23 17:24:33', '2018-05-23 17:24:35', 'test'),
(34, 'table', 'open', '66', '2018-05-23 17:24:33', '2018-05-23 17:24:34', 'admin'),
(35, 'table', 'open', '66', '2018-05-23 17:24:36', '2018-05-23 17:24:57', 'test'),
(36, 'table', 'open', '66', '2018-05-23 17:24:37', '2018-05-23 17:24:57', 'admin'),
(37, 'table', 'open', '66', '2018-05-23 17:25:00', '2018-05-23 17:25:38', 'test'),
(38, 'table', 'open', '66', '2018-05-23 17:25:00', '2018-05-23 17:25:37', 'admin'),
(39, 'table', 'open', '66', '2018-05-23 17:25:40', '2018-05-23 17:26:02', 'test'),
(40, 'table', 'open', '66', '2018-05-23 17:25:40', '2018-05-23 17:26:03', 'admin'),
(41, 'table', 'open', '66', '2018-05-23 17:26:04', '2018-05-23 17:26:10', 'test'),
(42, 'table', 'open', '66', '2018-05-23 17:26:05', '2018-05-23 17:26:11', 'admin'),
(43, 'table', 'open', '66', '2018-05-23 17:26:13', '2018-05-23 17:26:29', 'test'),
(44, 'table', 'open', '66', '2018-05-23 17:26:13', '2018-05-23 17:26:28', 'admin'),
(45, 'table', 'open', '66', '2018-05-23 17:26:31', '2018-05-23 17:26:59', 'test'),
(46, 'table', 'open', '66', '2018-05-23 17:26:31', '2018-05-23 17:27:00', 'admin'),
(47, 'table', 'open', '66', '2018-05-23 17:27:02', '2018-05-23 17:27:10', 'test'),
(48, 'table', 'open', '66', '2018-05-23 17:27:02', '2018-05-23 17:27:11', 'admin'),
(49, 'table', 'open', '66', '2018-05-23 17:27:12', '2018-05-23 17:27:17', 'test'),
(50, 'table', 'open', '66', '2018-05-23 17:27:13', '2018-05-23 17:27:18', 'admin'),
(51, 'table', 'open', '66', '2018-05-23 17:27:19', '2018-05-23 17:27:33', 'test'),
(52, 'table', 'open', '66', '2018-05-23 17:27:20', '2018-05-23 17:27:32', 'admin'),
(53, 'table', 'open', '66', '2018-05-23 17:27:35', '2018-05-23 17:28:58', 'test'),
(54, 'table', 'open', '66', '2018-05-23 17:27:35', '2018-05-23 17:28:26', 'admin'),
(55, 'table', 'open', '66', '2018-05-23 17:28:28', '2018-05-23 17:29:01', 'admin'),
(56, 'table', 'open', '66', '2018-05-23 17:29:02', '2018-05-23 17:29:13', 'admin'),
(57, 'table', 'open', '66', '2018-05-23 17:29:02', '2018-05-23 17:29:14', 'test'),
(58, 'table', 'open', '66', '2018-05-23 17:29:16', '2018-05-23 17:29:32', 'admin'),
(59, 'table', 'open', '66', '2018-05-23 17:29:16', '2018-05-23 17:29:30', 'test'),
(60, 'table', 'open', '66', '2018-05-23 17:29:34', '2018-05-23 17:30:03', 'admin'),
(61, 'table', 'open', '66', '2018-05-23 17:29:34', '2018-05-23 17:30:01', 'test'),
(62, 'table', 'open', '66', '2018-05-23 17:30:05', '2018-05-23 17:30:05', 'admin'),
(63, 'table', 'open', '66', '2018-05-23 17:30:05', '2018-05-23 17:30:20', 'test'),
(64, 'table', 'open', '66', '2018-05-23 17:30:07', '2018-05-23 17:31:04', 'admin'),
(65, 'table', 'open', '66', '2018-05-23 17:30:21', '2018-05-23 17:31:04', 'test'),
(66, 'table', 'open', '66', '2018-05-23 17:31:07', '2018-05-23 17:31:52', 'test'),
(67, 'table', 'open', '66', '2018-05-23 17:31:07', '2018-05-23 17:31:54', 'admin'),
(68, 'table', 'open', '66', '2018-05-23 17:31:56', '2018-05-23 17:32:02', 'admin'),
(69, 'table', 'open', '66', '2018-05-23 17:31:56', '2018-05-23 17:32:02', 'test'),
(70, 'table', 'open', '66', '2018-05-23 17:32:05', '2018-05-23 17:33:52', 'admin'),
(71, 'table', 'open', '66', '2018-05-23 17:32:05', '2018-05-23 17:32:23', 'test'),
(72, 'table', 'update', '66', '2018-05-23 17:32:23', NULL, 'admin'),
(73, 'table', 'open', '66', '2018-05-23 17:32:23', '2018-05-23 17:32:24', 'test'),
(74, 'table', 'open', '66', '2018-05-23 17:32:23', '2018-05-23 17:32:24', 'test'),
(75, 'table', 'open', '66', '2018-05-23 17:32:24', '2018-05-23 17:32:32', 'test'),
(76, 'table', 'update', '66', '2018-05-23 17:32:30', NULL, 'admin'),
(77, 'table', 'open', '66', '2018-05-23 17:32:32', '2018-05-23 17:32:42', 'test'),
(78, 'table', 'open', '66', '2018-05-23 17:33:55', '2018-05-23 17:34:23', 'admin'),
(79, 'table', 'open', '66', '2018-05-23 17:34:26', '2018-05-23 17:34:38', 'admin'),
(80, 'table', 'open', '66', '2018-05-23 17:34:40', '2018-05-23 17:34:52', 'admin'),
(81, 'table', 'open', '66', '2018-05-23 17:34:55', '2018-05-23 17:42:03', 'admin'),
(82, 'table', 'update', '66', '2018-05-23 17:41:37', NULL, 'admin'),
(83, 'table', 'open', '66', '2018-05-23 17:42:05', '2018-05-23 17:43:46', 'admin'),
(84, 'table', 'open', '66', '2018-05-23 17:43:48', '2018-05-23 17:43:54', 'admin'),
(85, 'table', 'open', '66', '2018-05-23 17:43:57', '2018-05-23 17:44:54', 'admin'),
(86, 'table', 'update', '66', '2018-05-23 17:44:09', NULL, 'admin'),
(87, 'table', 'update', '66', '2018-05-23 17:44:15', NULL, 'admin'),
(88, 'table', 'open', '66', '2018-05-23 17:44:56', '2018-05-23 17:45:11', 'admin'),
(89, 'table', 'update', '66', '2018-05-23 17:45:04', NULL, 'admin'),
(90, 'table', 'open', '66', '2018-05-23 17:45:14', '2018-05-23 17:46:03', 'admin'),
(91, 'table', 'open', '66', '2018-05-23 17:46:04', '2018-05-23 17:46:21', 'admin'),
(92, 'table', 'update', '66', '2018-05-23 17:46:07', NULL, 'admin'),
(93, 'table', 'update', '66', '2018-05-23 17:46:19', NULL, 'admin'),
(94, 'table', 'update', '66', '2018-05-23 17:46:21', NULL, 'admin'),
(95, 'table', 'open', '66', '2018-05-23 17:46:23', '2018-05-23 17:47:22', 'admin'),
(96, 'table', 'open', '66', '2018-05-23 17:47:24', '2018-05-23 17:47:51', 'admin'),
(97, 'table', 'update', '66', '2018-05-23 17:47:27', NULL, 'admin'),
(98, 'table', 'open', '66', '2018-05-23 17:47:54', '2018-05-23 17:48:46', 'admin'),
(99, 'table', 'open', '66', '2018-05-24 10:21:06', '2018-05-24 10:21:19', 'admin'),
(100, 'table', 'open', '66', '2018-05-24 10:21:21', '2018-05-24 10:21:31', 'admin'),
(101, 'table', 'open', '66', '2018-05-24 10:21:34', '2018-05-24 10:21:57', 'admin'),
(102, 'structure', 'open', '30', '2018-05-24 10:21:37', NULL, 'admin'),
(103, 'table', 'open', '66', '2018-05-24 10:21:59', '2018-05-24 10:22:28', 'admin'),
(104, 'structure', 'open', '30', '2018-05-24 10:22:01', NULL, 'admin'),
(105, 'structure', 'open', '30', '2018-05-24 10:22:04', NULL, 'admin'),
(106, 'table', 'open', '66', '2018-05-24 10:22:29', '2018-05-24 10:24:49', 'admin'),
(107, 'structure', 'open', '30', '2018-05-24 10:22:36', NULL, 'admin'),
(108, 'table', 'open', '66', '2018-05-24 10:24:50', '2018-05-24 10:25:05', 'admin'),
(109, 'table', 'open', '66', '2018-05-24 10:25:07', '2018-05-24 10:25:30', 'admin'),
(110, 'structure', 'open', '30', '2018-05-24 10:25:09', NULL, 'admin'),
(111, 'structure', 'open', '30', '2018-05-24 10:25:12', NULL, 'admin'),
(112, 'table', 'open', '66', '2018-05-24 10:25:33', '2018-05-24 10:25:34', 'admin'),
(113, 'table', 'open', '66', '2018-05-24 10:25:37', '2018-05-24 10:26:16', 'admin'),
(114, 'structure', 'open', '30', '2018-05-24 10:25:39', NULL, 'admin'),
(115, 'structure', 'open', '30', '2018-05-24 10:25:44', NULL, 'admin'),
(116, 'table', 'open', '66', '2018-05-24 10:26:17', '2018-05-24 10:26:38', 'admin'),
(117, 'structure', 'open', '30', '2018-05-24 10:26:19', NULL, 'admin'),
(118, 'structure', 'open', '30', '2018-05-24 10:26:24', NULL, 'admin'),
(119, 'table', 'open', '66', '2018-05-24 10:26:41', '2018-05-24 10:27:06', 'admin'),
(120, 'structure', 'open', '30', '2018-05-24 10:26:42', NULL, 'admin'),
(121, 'table', 'open', '66', '2018-05-24 10:27:07', '2018-05-24 10:27:19', 'admin'),
(122, 'table', 'open', '66', '2018-05-24 10:27:22', '2018-05-24 10:27:45', 'admin'),
(123, 'table', 'open', '66', '2018-05-24 10:27:46', '2018-05-24 10:31:42', 'admin'),
(124, 'structure', 'open', '30', '2018-05-24 10:27:48', NULL, 'admin'),
(125, 'structure', 'open', '30', '2018-05-24 10:27:52', NULL, 'admin'),
(126, 'structure', 'open', '30', '2018-05-24 10:27:56', NULL, 'admin'),
(127, 'structure', 'open', '30', '2018-05-24 10:28:03', NULL, 'admin'),
(128, 'structure', 'open', '30', '2018-05-24 10:28:06', NULL, 'admin'),
(129, 'structure', 'open', '30', '2018-05-24 10:28:07', NULL, 'admin'),
(130, 'structure', 'open', '30', '2018-05-24 10:28:07', NULL, 'admin'),
(131, 'structure', 'open', '98', '2018-05-24 10:28:09', NULL, 'admin'),
(132, 'structure', 'open', '30', '2018-05-24 10:28:10', NULL, 'admin'),
(133, 'structure', 'open', '98', '2018-05-24 10:28:13', NULL, 'admin'),
(134, 'table', 'open', '66', '2018-05-24 10:31:45', '2018-05-24 10:32:10', 'admin'),
(135, 'table', 'open', '66', '2018-05-24 10:32:13', '2018-05-24 10:32:23', 'admin'),
(136, 'table', 'open', '66', '2018-05-24 10:32:26', '2018-05-24 10:34:44', 'admin'),
(137, 'table', 'open', '66', '2018-05-24 10:34:46', '2018-05-24 10:34:54', 'admin'),
(138, 'table', 'open', '66', '2018-05-24 10:34:55', '2018-05-24 10:35:24', 'admin'),
(139, 'table', 'open', '66', '2018-05-24 10:35:27', '2018-05-24 10:35:35', 'admin'),
(140, 'table', 'open', '66', '2018-05-24 10:35:36', '2018-05-24 10:37:33', 'admin'),
(141, 'table', 'open', '102', '2018-05-24 10:35:52', '2018-05-24 10:35:59', 'admin'),
(142, 'table', 'open', '102', '2018-05-24 10:35:59', '2018-05-24 10:37:35', 'admin'),
(143, 'table', 'open', '66', '2018-05-24 10:37:36', '2018-05-24 10:44:29', 'admin'),
(144, 'table', 'open', '66', '2018-05-24 10:44:30', '2018-05-24 10:44:43', 'admin'),
(145, 'table', 'open', '66', '2018-05-24 10:44:45', '2018-05-24 10:45:37', 'admin'),
(146, 'table', 'open', '66', '2018-05-24 10:45:40', '2018-05-24 10:45:56', 'admin'),
(147, 'table', 'open', '66', '2018-05-24 10:45:59', '2018-05-24 10:46:10', 'admin'),
(148, 'table', 'open', '66', '2018-05-24 10:46:12', '2018-05-24 10:46:29', 'admin'),
(149, 'table', 'open', '66', '2018-05-24 10:46:32', '2018-05-24 10:46:53', 'admin'),
(150, 'table', 'open', '66', '2018-05-24 10:46:56', '2018-05-24 10:47:23', 'admin'),
(151, 'table', 'open', '66', '2018-05-24 10:47:25', '2018-05-24 10:47:38', 'admin'),
(152, 'table', 'open', '66', '2018-05-24 10:47:40', '2018-05-24 10:48:13', 'admin'),
(153, 'table', 'open', '66', '2018-05-24 10:48:15', '2018-05-24 10:49:27', 'admin'),
(154, 'table', 'open', '66', '2018-05-24 10:49:30', '2018-05-24 10:49:36', 'admin'),
(155, 'table', 'open', '66', '2018-05-24 10:49:39', '2018-05-24 10:50:16', 'admin'),
(156, 'table', 'open', '66', '2018-05-24 10:50:17', '2018-05-24 10:51:15', 'admin'),
(157, 'table', 'open', '102', '2018-05-24 10:50:23', '2018-05-24 10:51:14', 'admin'),
(158, 'table', 'open', '66', '2018-05-24 10:51:17', '2018-05-24 10:51:35', 'admin'),
(159, 'table', 'open', '102', '2018-05-24 10:51:20', '2018-05-24 10:52:36', 'admin'),
(160, 'table', 'open', '66', '2018-05-24 10:51:36', '2018-05-24 10:51:40', 'admin'),
(161, 'table', 'open', '66', '2018-05-24 10:51:42', '2018-05-24 10:51:42', 'admin'),
(162, 'table', 'open', '66', '2018-05-24 10:51:43', '2018-05-24 10:52:10', 'admin'),
(163, 'table', 'open', '66', '2018-05-24 10:52:12', '2018-05-24 10:52:36', 'admin'),
(164, 'table', 'open', '66', '2018-05-24 10:52:39', '2018-05-24 10:52:45', 'admin'),
(165, 'table', 'open', '66', '2018-05-24 10:52:46', '2018-05-24 10:52:49', 'admin'),
(166, 'table', 'open', '66', '2018-05-24 10:52:49', '2018-05-24 10:52:53', 'admin'),
(167, 'table', 'open', '66', '2018-05-24 10:52:55', '2018-05-24 10:52:55', 'admin'),
(168, 'table', 'open', '66', '2018-05-24 10:52:55', '2018-05-24 10:52:55', 'admin'),
(169, 'table', 'open', '66', '2018-05-24 10:52:56', '2018-05-24 10:52:56', 'admin'),
(170, 'table', 'open', '66', '2018-05-24 10:52:57', '2018-05-24 10:53:24', 'admin'),
(171, 'table', 'open', '66', '2018-05-24 10:53:27', '2018-05-24 10:53:29', 'admin'),
(172, 'table', 'open', '66', '2018-05-24 10:53:32', '2018-05-24 10:54:15', 'admin'),
(173, 'table', 'open', '103', '2018-05-24 10:53:37', '2018-05-24 10:54:16', 'admin'),
(174, 'table', 'open', '102', '2018-05-24 10:53:47', '2018-05-24 10:54:01', 'admin'),
(175, 'structure', 'open', '30', '2018-05-24 10:53:57', NULL, 'admin'),
(176, 'table', 'open', '66', '2018-05-24 10:54:18', '2018-05-24 11:00:08', 'admin'),
(177, 'table', 'open', '66', '2018-05-24 11:00:11', '2018-05-24 11:00:38', 'admin'),
(178, 'structure', 'open', '30', '2018-05-24 11:00:16', NULL, 'admin'),
(179, 'table', 'open', '66', '2018-05-24 11:00:40', '2018-05-24 11:01:40', 'admin'),
(180, 'structure', 'open', '30', '2018-05-24 11:00:55', NULL, 'admin'),
(181, 'structure', 'open', '100', '2018-05-24 11:00:56', NULL, 'admin'),
(182, 'structure', 'open', '1', '2018-05-24 11:00:57', NULL, 'admin'),
(183, 'structure', 'open', '33', '2018-05-24 11:00:58', NULL, 'admin'),
(184, 'structure', 'open', '3', '2018-05-24 11:01:03', NULL, 'admin'),
(185, 'structure', 'open', '30', '2018-05-24 11:01:08', NULL, 'admin'),
(186, 'structure', 'open', '30', '2018-05-24 11:01:10', NULL, 'admin'),
(187, 'table', 'open', '66', '2018-05-24 11:01:43', '2018-05-24 11:01:48', 'admin'),
(188, 'table', 'open', '66', '2018-05-24 11:01:50', '2018-05-24 11:04:43', 'admin'),
(189, 'table', 'open', '66', '2018-05-24 11:04:46', '2018-05-24 11:04:50', 'admin'),
(190, 'table', 'open', '66', '2018-05-24 11:04:52', '2018-05-24 11:07:24', 'admin'),
(191, 'table', 'open', '66', '2018-05-24 11:07:25', '2018-05-24 11:12:42', 'admin'),
(192, 'table', 'open', '66', '2018-05-24 11:12:44', '2018-05-24 11:13:07', 'admin'),
(193, 'table', 'open', '66', '2018-05-24 11:13:09', '2018-05-24 11:13:19', 'admin'),
(194, 'table', 'open', '66', '2018-05-24 11:13:22', '2018-05-24 11:13:55', 'admin'),
(195, 'table', 'open', '66', '2018-05-24 11:13:56', '2018-05-24 11:17:14', 'admin'),
(196, 'table', 'open', '66', '2018-05-24 11:17:17', '2018-05-24 11:17:30', 'admin'),
(197, 'table', 'open', '66', '2018-05-24 11:17:33', '2018-05-24 11:17:38', 'admin'),
(198, 'table', 'open', '66', '2018-05-24 11:17:40', '2018-05-24 11:17:53', 'admin'),
(199, 'table', 'open', '66', '2018-05-24 11:17:55', '2018-05-24 11:20:02', 'admin'),
(200, 'table', 'open', '102', '2018-05-24 11:19:27', '2018-05-24 11:20:02', 'admin'),
(201, 'table', 'open', '66', '2018-05-24 11:20:04', '2018-05-24 11:20:22', 'admin'),
(202, 'table', 'open', '66', '2018-05-24 11:20:26', '2018-05-24 11:21:25', 'admin'),
(203, 'table', 'open', '66', '2018-05-24 11:21:27', '2018-05-24 11:30:37', 'admin'),
(204, 'structure', 'open', '30', '2018-05-24 11:21:31', NULL, 'admin'),
(205, 'structure', 'open', '30', '2018-05-24 11:21:52', NULL, 'admin'),
(206, 'table', 'open', '66', '2018-05-24 11:30:38', '2018-05-24 11:44:26', 'admin'),
(207, 'table', 'open', '66', '2018-05-24 11:44:29', '2018-05-24 11:44:44', 'admin'),
(208, 'table', 'open', '66', '2018-05-24 11:44:46', '2018-05-24 12:09:58', 'admin'),
(209, 'structure', 'open', '30', '2018-05-24 11:44:49', NULL, 'admin'),
(210, 'structure', 'open', '100', '2018-05-24 12:08:55', NULL, 'admin'),
(211, 'structure', 'open', '98', '2018-05-24 12:09:03', NULL, 'admin'),
(212, 'table', 'open', '66', '2018-05-24 12:09:59', '2018-05-24 12:10:12', 'admin'),
(213, 'table', 'open', '66', '2018-05-24 12:10:14', '2018-05-24 12:14:02', 'admin'),
(214, 'table', 'open', '66', '2018-05-24 12:14:03', '2018-05-24 12:15:39', 'admin'),
(215, 'table', 'open', '66', '2018-05-24 12:17:15', '2018-05-24 12:17:48', 'admin'),
(216, 'structure', 'open', '30', '2018-05-24 12:17:19', NULL, 'admin'),
(217, 'structure', 'open', '98', '2018-05-24 12:17:23', NULL, 'admin'),
(218, 'structure', 'open', '30', '2018-05-24 12:17:24', NULL, 'admin'),
(219, 'table', 'open', '66', '2018-05-24 12:17:50', '2018-05-24 13:08:18', 'admin'),
(220, 'table', 'open', '66', '2018-05-24 13:08:20', '2018-05-24 13:14:11', 'admin'),
(221, 'table', 'open', '66', '2018-05-24 13:14:14', '2018-05-24 13:16:59', 'admin'),
(222, 'table', 'open', '66', '2018-05-24 13:17:01', '2018-05-24 13:17:05', 'admin'),
(223, 'table', 'open', '66', '2018-05-24 13:17:08', '2018-05-24 13:17:37', 'admin'),
(224, 'table', 'open', '66', '2018-05-24 13:17:40', '2018-05-24 13:21:25', 'admin'),
(225, 'table', 'open', '66', '2018-05-24 13:21:28', '2018-05-24 13:22:33', 'admin'),
(226, 'table', 'update', '66', '2018-05-24 13:21:31', NULL, 'admin'),
(227, 'table', 'open', '66', '2018-05-24 13:22:34', '2018-05-24 13:25:33', 'admin'),
(228, 'table', 'update', '66', '2018-05-24 13:22:37', NULL, 'admin'),
(229, 'table', 'update', '66', '2018-05-24 13:22:38', NULL, 'admin'),
(230, 'table', 'update', '66', '2018-05-24 13:22:39', NULL, 'admin'),
(231, 'table', 'update', '66', '2018-05-24 13:22:39', NULL, 'admin'),
(232, 'table', 'update', '66', '2018-05-24 13:22:40', NULL, 'admin'),
(233, 'table', 'update', '66', '2018-05-24 13:22:41', NULL, 'admin'),
(234, 'table', 'update', '66', '2018-05-24 13:22:41', NULL, 'admin'),
(235, 'table', 'update', '66', '2018-05-24 13:22:41', NULL, 'admin'),
(236, 'table', 'update', '66', '2018-05-24 13:22:42', NULL, 'admin'),
(237, 'table', 'update', '66', '2018-05-24 13:22:43', NULL, 'admin'),
(238, 'table', 'open', '66', '2018-05-24 13:25:36', '2018-05-24 13:26:11', 'admin'),
(239, 'table', 'open', '66', '2018-05-24 13:26:14', '2018-05-24 13:30:24', 'admin'),
(240, 'structure', 'open', '30', '2018-05-24 13:27:02', NULL, 'admin'),
(241, 'table', 'update', '66', '2018-05-24 13:27:14', NULL, 'admin'),
(242, 'table', 'update', '66', '2018-05-24 13:27:38', NULL, 'admin'),
(243, 'table', 'open', '66', '2018-05-24 13:30:27', '2018-05-24 13:30:36', 'admin'),
(244, 'table', 'open', '66', '2018-05-24 13:30:37', '2018-05-24 13:30:40', 'admin'),
(245, 'table', 'open', '66', '2018-05-24 13:30:41', '2018-05-24 14:00:08', 'admin'),
(246, 'structure', 'open', '30', '2018-05-24 13:31:02', NULL, 'admin'),
(247, 'table', 'open', '102', '2018-05-24 13:31:17', '2018-05-24 13:31:23', 'admin'),
(248, 'table', 'open', '102', '2018-05-24 13:31:26', '2018-05-24 13:31:28', 'admin'),
(249, 'structure', 'open', '98', '2018-05-24 13:31:29', NULL, 'admin'),
(250, 'structure', 'open', '30', '2018-05-24 13:31:49', NULL, 'admin'),
(251, 'structure', 'open', '0', '2018-05-24 14:00:10', NULL, 'admin'),
(252, 'structure', 'open', '0', '2018-05-24 14:26:04', NULL, 'admin'),
(253, 'structure', 'open', '0', '2018-05-24 14:26:51', NULL, 'admin'),
(254, 'structure', 'open', '0', '2018-05-24 14:26:58', NULL, 'admin'),
(255, 'structure', 'open', '0', '2018-05-24 14:27:53', NULL, 'admin'),
(256, 'structure', 'open', '0', '2018-05-24 14:30:29', NULL, 'admin'),
(257, 'structure', 'open', '0', '2018-05-24 14:32:08', NULL, 'admin'),
(258, 'structure', 'open', '0', '2018-05-24 15:14:03', NULL, 'admin'),
(259, 'structure', 'open', '0', '2018-05-24 15:15:31', NULL, 'admin'),
(260, 'structure', 'open', '0', '2018-05-24 15:15:36', NULL, 'admin'),
(261, 'structure', 'open', '0', '2018-05-24 15:15:41', NULL, 'admin'),
(262, 'structure', 'open', '0', '2018-05-24 15:17:08', NULL, 'admin'),
(263, 'structure', 'open', '0', '2018-05-24 15:17:28', NULL, 'admin'),
(264, 'structure', 'open', '0', '2018-05-24 15:17:46', NULL, 'admin'),
(265, 'structure', 'open', '0', '2018-05-24 15:17:59', NULL, 'admin'),
(266, 'structure', 'open', '0', '2018-05-24 15:18:43', NULL, 'admin'),
(267, 'structure', 'open', '100', '2018-05-24 15:19:23', NULL, 'admin'),
(268, 'structure', 'open', '0', '2018-05-24 15:19:34', NULL, 'admin'),
(269, 'structure', 'open', '30', '2018-05-24 15:19:47', NULL, 'admin'),
(270, 'table', 'open', '102', '2018-05-24 15:19:48', '2018-05-24 15:20:51', 'admin'),
(271, 'structure', 'open', '0', '2018-05-24 15:20:53', NULL, 'admin'),
(272, 'structure', 'open', '0', '2018-05-24 15:21:26', NULL, 'admin'),
(273, 'structure', 'open', '0', '2018-05-24 15:21:27', NULL, 'admin'),
(274, 'structure', 'open', '0', '2018-05-24 15:22:16', NULL, 'admin'),
(275, 'structure', 'open', '0', '2018-05-24 15:22:23', NULL, 'admin'),
(276, 'structure', 'open', '0', '2018-05-24 15:23:18', NULL, 'admin'),
(277, 'structure', 'open', '0', '2018-05-24 15:23:42', NULL, 'admin'),
(278, 'structure', 'open', '30', '2018-05-24 15:23:45', NULL, 'admin'),
(279, 'structure', 'open', '0', '2018-05-24 15:23:45', NULL, 'admin'),
(280, 'structure', 'open', '0', '2018-05-24 15:23:53', NULL, 'admin'),
(281, 'structure', 'open', '0', '2018-05-24 15:25:41', NULL, 'admin'),
(282, 'structure', 'open', '0', '2018-05-24 15:26:17', NULL, 'admin'),
(283, 'structure', 'open', '0', '2018-05-24 15:26:39', NULL, 'admin'),
(284, 'structure', 'open', '0', '2018-05-24 15:27:20', NULL, 'admin'),
(285, 'structure', 'open', '0', '2018-05-24 15:27:46', NULL, 'admin'),
(286, 'structure', 'open', '0', '2018-05-24 15:28:00', NULL, 'admin'),
(287, 'structure', 'open', '0', '2018-05-24 15:28:20', NULL, 'admin'),
(288, 'structure', 'open', '0', '2018-05-24 15:28:58', NULL, 'admin'),
(289, 'structure', 'open', '0', '2018-05-24 15:29:00', NULL, 'admin'),
(290, 'structure', 'open', '0', '2018-05-24 15:29:19', NULL, 'admin'),
(291, 'structure', 'open', '0', '2018-05-24 15:38:28', NULL, 'admin'),
(292, 'structure', 'open', '0', '2018-05-24 15:38:49', NULL, 'admin'),
(293, 'structure', 'open', '0', '2018-05-24 15:39:02', NULL, 'admin'),
(294, 'structure', 'open', '0', '2018-05-24 15:39:15', NULL, 'admin'),
(295, 'structure', 'open', '0', '2018-05-24 15:39:17', NULL, 'admin'),
(296, 'structure', 'open', '0', '2018-05-24 15:40:04', NULL, 'admin'),
(297, 'table', 'open', '66', '2018-05-24 15:52:27', '2018-05-24 16:20:17', 'admin'),
(298, 'structure', 'open', '0', '2018-05-24 16:20:19', NULL, 'admin'),
(299, 'table', 'open', '102', '2018-05-24 16:20:25', '2018-05-24 16:21:42', 'admin'),
(300, 'table', 'open', '66', '2018-05-24 16:20:26', '2018-05-24 16:20:41', 'admin'),
(301, 'table', 'open', '66', '2018-05-24 16:20:42', '2018-05-24 16:21:41', 'admin'),
(302, 'structure', 'open', '0', '2018-05-24 16:21:43', NULL, 'admin'),
(303, 'structure', 'open', '0', '2018-05-24 16:21:52', NULL, 'admin'),
(304, 'table', 'open', '102', '2018-05-24 16:21:52', '2018-05-24 16:27:07', 'admin'),
(305, 'table', 'open', '66', '2018-05-24 16:21:52', '2018-05-24 16:27:07', 'admin'),
(306, 'table', 'update', '66', '2018-05-24 16:24:37', NULL, 'admin'),
(307, 'structure', 'open', '0', '2018-05-24 16:27:09', NULL, 'admin'),
(308, 'table', 'open', '66', '2018-05-24 16:27:09', '2018-05-24 16:30:13', 'admin'),
(309, 'table', 'open', '102', '2018-05-24 16:27:09', '2018-05-24 16:30:13', 'admin'),
(310, 'table', 'update', '66', '2018-05-24 16:27:21', NULL, 'admin'),
(311, 'table', 'update', '66', '2018-05-24 16:27:32', NULL, 'admin'),
(312, 'table', 'open', '0', '2018-05-24 16:27:34', '2018-05-24 16:27:42', 'admin'),
(313, 'table', 'open', '0', '2018-05-24 16:27:46', '2018-05-24 16:30:12', 'admin'),
(314, 'structure', 'open', '0', '2018-05-24 16:30:15', NULL, 'admin'),
(315, 'table', 'open', '66', '2018-05-24 16:30:15', NULL, 'admin'),
(316, 'table', 'open', '102', '2018-05-24 16:30:15', NULL, 'admin'),
(317, 'table', 'open', '66', '2018-05-24 16:31:59', NULL, 'admin'),
(318, 'structure', 'open', '0', '2018-05-24 16:32:43', NULL, 'admin'),
(319, 'table', 'open', '66', '2018-05-24 16:32:43', '2018-05-24 16:34:52', 'admin'),
(320, 'table', 'open', '102', '2018-05-24 16:32:43', '2018-05-24 16:34:52', 'admin'),
(321, 'table', 'update', '66', '2018-05-24 16:33:21', NULL, 'admin'),
(322, 'table', 'open', '0', '2018-05-24 16:33:23', '2018-05-24 16:34:52', 'admin'),
(323, 'structure', 'open', '0', '2018-05-24 16:34:54', NULL, 'admin'),
(324, 'table', 'open', '66', '2018-05-24 16:34:54', '2018-05-24 16:38:07', 'admin'),
(325, 'table', 'open', '102', '2018-05-24 16:34:54', '2018-05-24 16:35:09', 'admin'),
(326, 'table', 'update', '66', '2018-05-24 16:35:06', NULL, 'admin'),
(327, 'structure', 'open', '30', '2018-05-24 16:36:28', NULL, 'admin'),
(328, 'table', 'update', '66', '2018-05-24 16:36:36', NULL, 'admin'),
(329, 'table', 'update', '66', '2018-05-24 16:36:38', NULL, 'admin'),
(330, 'table', 'update', '66', '2018-05-24 16:36:39', NULL, 'admin'),
(331, 'table', 'update', '66', '2018-05-24 16:36:40', NULL, 'admin'),
(332, 'table', 'update', '66', '2018-05-24 16:36:40', NULL, 'admin'),
(333, 'table', 'update', '66', '2018-05-24 16:36:41', NULL, 'admin'),
(334, 'table', 'update', '66', '2018-05-24 16:36:42', NULL, 'admin'),
(335, 'table', 'update', '66', '2018-05-24 16:36:47', NULL, 'admin'),
(336, 'table', 'update', '66', '2018-05-24 16:36:49', NULL, 'admin'),
(337, 'table', 'update', '66', '2018-05-24 16:36:50', NULL, 'admin'),
(338, 'table', 'update', '66', '2018-05-24 16:36:51', NULL, 'admin'),
(339, 'table', 'update', '66', '2018-05-24 16:36:52', NULL, 'admin'),
(340, 'table', 'update', '66', '2018-05-24 16:36:53', NULL, 'admin'),
(341, 'table', 'update', '66', '2018-05-24 16:36:55', NULL, 'admin'),
(342, 'table', 'update', '66', '2018-05-24 16:36:56', NULL, 'admin'),
(343, 'table', 'update', '66', '2018-05-24 16:36:57', NULL, 'admin'),
(344, 'table', 'update', '66', '2018-05-24 16:36:57', NULL, 'admin'),
(345, 'table', 'update', '66', '2018-05-24 16:36:58', NULL, 'admin'),
(346, 'table', 'update', '66', '2018-05-24 16:36:58', NULL, 'admin'),
(347, 'table', 'update', '66', '2018-05-24 16:36:59', NULL, 'admin'),
(348, 'table', 'update', '66', '2018-05-24 16:36:59', NULL, 'admin'),
(349, 'table', 'update', '66', '2018-05-24 16:36:59', NULL, 'admin'),
(350, 'table', 'update', '66', '2018-05-24 16:37:00', NULL, 'admin'),
(351, 'table', 'update', '66', '2018-05-24 16:37:00', NULL, 'admin'),
(352, 'table', 'update', '66', '2018-05-24 16:37:00', NULL, 'admin'),
(353, 'table', 'update', '66', '2018-05-24 16:37:01', NULL, 'admin'),
(354, 'table', 'update', '66', '2018-05-24 16:37:01', NULL, 'admin'),
(355, 'table', 'update', '66', '2018-05-24 16:37:01', NULL, 'admin'),
(356, 'table', 'update', '66', '2018-05-24 16:37:02', NULL, 'admin'),
(357, 'table', 'update', '66', '2018-05-24 16:37:02', NULL, 'admin'),
(358, 'table', 'update', '66', '2018-05-24 16:37:02', NULL, 'admin'),
(359, 'table', 'update', '66', '2018-05-24 16:37:03', NULL, 'admin'),
(360, 'table', 'update', '66', '2018-05-24 16:37:03', NULL, 'admin'),
(361, 'table', 'update', '66', '2018-05-24 16:37:03', NULL, 'admin'),
(362, 'table', 'update', '66', '2018-05-24 16:37:14', NULL, 'admin'),
(363, 'table', 'update', '66', '2018-05-24 16:37:14', NULL, 'admin'),
(364, 'table', 'update', '66', '2018-05-24 16:37:14', NULL, 'admin'),
(365, 'table', 'update', '66', '2018-05-24 16:37:14', NULL, 'admin'),
(366, 'table', 'update', '66', '2018-05-24 16:37:15', NULL, 'admin'),
(367, 'table', 'update', '66', '2018-05-24 16:37:15', NULL, 'admin'),
(368, 'table', 'update', '66', '2018-05-24 16:37:15', NULL, 'admin'),
(369, 'table', 'update', '66', '2018-05-24 16:37:15', NULL, 'admin'),
(370, 'table', 'update', '66', '2018-05-24 16:37:15', NULL, 'admin'),
(371, 'table', 'update', '66', '2018-05-24 16:37:15', NULL, 'admin'),
(372, 'table', 'update', '66', '2018-05-24 16:37:16', NULL, 'admin'),
(373, 'table', 'update', '66', '2018-05-24 16:37:16', NULL, 'admin'),
(374, 'table', 'update', '66', '2018-05-24 16:37:16', NULL, 'admin'),
(375, 'table', 'update', '66', '2018-05-24 16:37:16', NULL, 'admin'),
(376, 'table', 'update', '66', '2018-05-24 16:37:16', NULL, 'admin'),
(377, 'table', 'update', '66', '2018-05-24 16:37:26', NULL, 'admin'),
(378, 'table', 'update', '66', '2018-05-24 16:37:35', NULL, 'admin'),
(379, 'table', 'update', '66', '2018-05-24 16:37:35', NULL, 'admin'),
(380, 'table', 'update', '66', '2018-05-24 16:37:35', NULL, 'admin'),
(381, 'table', 'update', '66', '2018-05-24 16:37:35', NULL, 'admin'),
(382, 'table', 'update', '66', '2018-05-24 16:37:35', NULL, 'admin'),
(383, 'table', 'update', '66', '2018-05-24 16:37:35', NULL, 'admin'),
(384, 'table', 'update', '66', '2018-05-24 16:37:35', NULL, 'admin'),
(385, 'table', 'update', '66', '2018-05-24 16:37:35', NULL, 'admin'),
(386, 'table', 'update', '66', '2018-05-24 16:37:35', NULL, 'admin'),
(387, 'table', 'update', '66', '2018-05-24 16:37:35', NULL, 'admin'),
(388, 'table', 'update', '66', '2018-05-24 16:37:35', NULL, 'admin'),
(389, 'table', 'update', '66', '2018-05-24 16:37:35', NULL, 'admin'),
(390, 'table', 'update', '66', '2018-05-24 16:37:35', NULL, 'admin'),
(391, 'table', 'update', '66', '2018-05-24 16:37:35', NULL, 'admin'),
(392, 'table', 'update', '66', '2018-05-24 16:37:35', NULL, 'admin'),
(393, 'table', 'update', '66', '2018-05-24 16:37:35', NULL, 'admin'),
(394, 'table', 'update', '66', '2018-05-24 16:37:35', NULL, 'admin'),
(395, 'table', 'update', '66', '2018-05-24 16:37:35', NULL, 'admin'),
(396, 'table', 'update', '66', '2018-05-24 16:37:35', NULL, 'admin'),
(397, 'table', 'update', '66', '2018-05-24 16:37:35', NULL, 'admin'),
(398, 'structure', 'open', '30', '2018-05-24 16:37:43', NULL, 'admin'),
(399, 'table', 'update', '66', '2018-05-24 16:37:53', NULL, 'admin'),
(400, 'table', 'update', '66', '2018-05-24 16:37:56', NULL, 'admin'),
(401, 'table', 'open', '66', '2018-05-24 16:38:09', '2018-05-24 16:39:28', 'admin'),
(402, 'table', 'open', '102', '2018-05-24 16:39:12', '2018-05-24 16:39:28', 'admin'),
(403, 'table', 'update', '102', '2018-05-24 16:39:15', NULL, 'admin'),
(404, 'table', 'update', '102', '2018-05-24 16:39:18', NULL, 'admin'),
(405, 'table', 'update', '102', '2018-05-24 16:39:24', NULL, 'admin'),
(406, 'table', 'update', '66', '2018-05-24 16:39:24', NULL, 'admin'),
(407, 'table', 'open', '66', '2018-05-24 16:39:28', '2018-05-24 16:39:52', 'admin'),
(408, 'table', 'open', '102', '2018-05-24 16:39:30', '2018-05-24 16:39:52', 'admin'),
(409, 'structure', 'open', '0', '2018-05-24 16:39:55', NULL, 'admin'),
(410, 'table', 'open', '66', '2018-05-24 16:39:55', '2018-05-24 16:40:08', 'admin'),
(411, 'table', 'open', '102', '2018-05-24 16:39:55', '2018-05-24 16:40:08', 'admin'),
(412, 'structure', 'open', '0', '2018-05-24 16:40:09', NULL, 'admin'),
(413, 'table', 'open', '102', '2018-05-24 16:40:09', '2018-05-24 16:41:43', 'admin'),
(414, 'table', 'open', '66', '2018-05-24 16:40:09', '2018-05-24 16:41:43', 'admin'),
(415, 'table', 'update', '66', '2018-05-24 16:40:16', NULL, 'admin'),
(416, 'table', 'update', '102', '2018-05-24 16:40:16', NULL, 'admin'),
(417, 'structure', 'open', '0', '2018-05-24 16:41:46', NULL, 'admin'),
(418, 'table', 'open', '66', '2018-05-24 16:41:46', '2018-05-24 16:43:47', 'admin'),
(419, 'table', 'open', '102', '2018-05-24 16:41:46', '2018-05-24 16:43:47', 'admin'),
(420, 'table', 'open', '66', '2018-05-24 16:43:51', '2018-05-24 16:50:23', 'admin'),
(421, 'table', 'open', '102', '2018-05-24 16:43:51', '2018-05-24 16:50:23', 'admin'),
(422, 'table', 'update', '102', '2018-05-24 16:47:10', NULL, 'admin'),
(423, 'table', 'open', '66', '2018-05-24 16:50:29', '2018-05-24 16:51:21', 'admin'),
(424, 'table', 'open', '102', '2018-05-24 16:50:29', '2018-05-24 16:51:21', 'admin'),
(425, 'table', 'update', '66', '2018-05-24 16:51:01', NULL, 'admin'),
(426, 'table', 'open', '66', '2018-05-24 16:51:22', '2018-05-24 16:52:23', 'admin'),
(427, 'table', 'open', '102', '2018-05-24 16:51:22', '2018-05-24 16:52:23', 'admin'),
(428, 'table', 'update', '102', '2018-05-24 16:51:44', NULL, 'admin'),
(429, 'table', 'open', '66', '2018-05-24 16:52:26', '2018-05-24 16:52:37', 'admin'),
(430, 'table', 'open', '102', '2018-05-24 16:52:26', '2018-05-24 16:52:37', 'admin'),
(431, 'table', 'open', '66', '2018-05-24 16:52:41', '2018-05-24 16:53:01', 'admin'),
(432, 'table', 'open', '102', '2018-05-24 16:52:41', '2018-05-24 16:53:01', 'admin'),
(433, 'table', 'open', '102', '2018-05-24 16:53:11', '2018-05-24 16:53:51', 'admin'),
(434, 'table', 'open', '66', '2018-05-24 16:53:11', '2018-05-24 16:53:51', 'admin'),
(435, 'table', 'open', '66', '2018-05-24 16:53:58', '2018-05-24 16:55:58', 'admin'),
(436, 'table', 'open', '102', '2018-05-24 16:53:58', '2018-05-24 16:55:58', 'admin'),
(437, 'table', 'open', '66', '2018-05-24 16:56:01', '2018-05-24 16:56:11', 'admin'),
(438, 'table', 'open', '102', '2018-05-24 16:56:01', '2018-05-24 16:56:11', 'admin'),
(439, 'table', 'open', '66', '2018-05-24 16:56:21', '2018-05-24 16:57:02', 'admin'),
(440, 'table', 'open', '102', '2018-05-24 16:56:21', '2018-05-24 16:57:02', 'admin'),
(441, 'table', 'open', '66', '2018-05-24 16:57:08', '2018-05-24 16:57:09', 'admin'),
(442, 'table', 'open', '102', '2018-05-24 16:57:08', '2018-05-24 16:57:09', 'admin'),
(443, 'table', 'open', '66', '2018-05-24 16:57:19', '2018-05-24 16:59:00', 'admin'),
(444, 'table', 'open', '102', '2018-05-24 16:57:19', '2018-05-24 16:59:00', 'admin'),
(445, 'structure', 'open', '30', '2018-05-24 16:57:27', NULL, 'admin'),
(446, 'table', 'update', '102', '2018-05-24 16:57:35', NULL, 'admin'),
(447, 'table', 'open', '102', '2018-05-24 16:59:07', '2018-05-24 16:59:17', 'admin'),
(448, 'table', 'open', '66', '2018-05-24 16:59:07', '2018-05-24 16:59:27', 'admin'),
(449, 'table', 'update', '66', '2018-05-24 16:59:20', NULL, 'admin'),
(450, 'table', 'open', '102', '2018-05-24 16:59:20', '2018-05-24 16:59:30', 'admin'),
(451, 'table', 'open', '66', '2018-05-24 16:59:37', '2018-05-24 16:59:37', 'admin'),
(452, 'table', 'open', '102', '2018-05-24 16:59:37', '2018-05-24 16:59:47', 'admin'),
(453, 'table', 'update', '102', '2018-05-24 16:59:42', NULL, 'admin'),
(454, 'table', 'open', '66', '2018-05-24 16:59:42', '2018-05-24 17:00:02', 'admin'),
(455, 'table', 'open', '102', '2018-05-24 16:59:49', '2018-05-24 17:00:09', 'admin'),
(456, 'table', 'open', '66', '2018-05-24 17:00:13', '2018-05-24 17:00:13', 'admin'),
(457, 'table', 'open', '102', '2018-05-24 17:00:13', '2018-05-24 17:00:13', 'admin'),
(458, 'table', 'open', '66', '2018-05-24 17:00:19', '2018-05-24 17:00:20', 'admin'),
(459, 'table', 'open', '102', '2018-05-24 17:00:19', '2018-05-24 17:00:20', 'admin'),
(460, 'table', 'update', '66', '2018-05-24 17:00:26', NULL, 'admin'),
(461, 'table', 'open', '102', '2018-05-24 17:00:26', '2018-05-24 17:00:57', 'admin'),
(462, 'table', 'open', '66', '2018-05-24 17:00:26', '2018-05-24 17:00:57', 'admin'),
(463, 'table', 'open', '66', '2018-05-24 17:00:59', '2018-05-24 17:01:19', 'admin'),
(464, 'table', 'open', '102', '2018-05-24 17:00:59', '2018-05-24 17:01:19', 'admin'),
(465, 'table', 'update', '102', '2018-05-24 17:01:20', NULL, 'admin'),
(466, 'table', 'open', '102', '2018-05-24 17:01:20', '2018-05-24 17:03:30', 'admin'),
(467, 'table', 'open', '66', '2018-05-24 17:01:20', '2018-05-24 17:03:30', 'admin'),
(468, 'table', 'open', '66', '2018-05-24 17:03:34', '2018-05-24 17:03:55', 'admin'),
(469, 'table', 'open', '102', '2018-05-24 17:03:34', '2018-05-24 17:03:55', 'admin'),
(470, 'table', 'update', '102', '2018-05-24 17:03:59', NULL, 'admin'),
(471, 'table', 'open', '102', '2018-05-24 17:03:59', '2018-05-24 17:19:39', 'admin'),
(472, 'table', 'open', '66', '2018-05-24 17:03:59', '2018-05-24 17:04:39', 'admin'),
(473, 'structure', 'open', '30', '2018-05-24 17:04:03', NULL, 'admin'),
(474, 'table', 'update', '66', '2018-05-24 17:04:13', NULL, 'admin'),
(475, 'table', 'update', '66', '2018-05-24 17:04:32', NULL, 'admin'),
(476, 'table', 'update', '102', '2018-05-24 17:04:38', NULL, 'admin'),
(477, 'table', 'open', '66', '2018-05-24 17:04:45', '2018-05-24 17:19:45', 'admin');

-- --------------------------------------------------------

--
-- Структура таблицы `my_list`
--

CREATE TABLE `my_list` (
  `id` int(11) NOT NULL,
  `value_id` int(11) NOT NULL,
  `my_key` varchar(128) NOT NULL,
  `value` varchar(128) NOT NULL
) ENGINE=InnoDB DEFAULT CHARSET=utf8;

--
-- Дамп данных таблицы `my_list`
--

INSERT INTO `my_list` (`id`, `value_id`, `my_key`, `value`) VALUES
(11, 2, '0', 'Новое значение'),
(12, 2, '1', 'Запасное значение'),
(13, 2, '2', 'Нужное значение');

-- --------------------------------------------------------

--
-- Структура таблицы `my_values`
--

CREATE TABLE `my_values` (
  `id` int(11) NOT NULL,
  `type` varchar(12) NOT NULL,
  `value` varchar(128) NOT NULL
) ENGINE=InnoDB DEFAULT CHARSET=utf8;

--
-- Дамп данных таблицы `my_values`
--

INSERT INTO `my_values` (`id`, `type`, `value`) VALUES
(2, 'array', ''),
(3, 'value', 'О привет'),
(4, 'value', 'FUCK oFF');

-- --------------------------------------------------------

--
-- Структура таблицы `password`
--

CREATE TABLE `password` (
  `login` varchar(32) NOT NULL,
  `hash` varchar(128) NOT NULL
) ENGINE=MyISAM DEFAULT CHARSET=utf8;

--
-- Дамп данных таблицы `password`
--

INSERT INTO `password` (`login`, `hash`) VALUES
('admin', '$2a$10$644bb3233e1ff251b4b4eumdZjoiZjWjFLyol.Ad7uUoNWlWCpz.u'),
('test2', '$2a$10$f0554db900bd99b886844OdyZRm8Pj8VdtBrP2yN9X6UMZw9uYGyK'),
('test', '$2a$10$2724eef3ab8d9290e364cuhdQdaRUuHp0sj5Ql6UA0wleUeeEzeIu');

-- --------------------------------------------------------

--
-- Структура таблицы `registration`
--

CREATE TABLE `registration` (
  `login` varchar(32) NOT NULL,
  `role` varchar(32) DEFAULT NULL,
  `dater` datetime NOT NULL
) ENGINE=MyISAM DEFAULT CHARSET=utf8;

--
-- Дамп данных таблицы `registration`
--

INSERT INTO `registration` (`login`, `role`, `dater`) VALUES
('admin', 'Администратор', '2017-12-25 15:57:01'),
('test', 'Инженер', '2018-04-20 13:59:03'),
('test2', 'Администратор', '2018-05-22 16:25:53');

-- --------------------------------------------------------

--
-- Структура таблицы `rights`
--

CREATE TABLE `rights` (
  `id` int(11) NOT NULL,
  `objectId` int(11) NOT NULL,
  `type` varchar(10) NOT NULL,
  `login` varchar(64) NOT NULL,
  `rights` int(11) NOT NULL
) ENGINE=InnoDB DEFAULT CHARSET=utf8;

--
-- Дамп данных таблицы `rights`
--

INSERT INTO `rights` (`id`, `objectId`, `type`, `login`, `rights`) VALUES
(27, 30, 'user', 'test', 1),
(70, 32, 'role', 'Инженер', 9),
(71, 32, 'user', 'test', 1),
(88, 93, 'user', 'test', 1),
(96, 103, 'user', 'test', 1),
(97, 98, 'user', 'test', 1),
(100, 66, 'user', 'test', 1),
(101, 102, 'user', 'test', 0);

-- --------------------------------------------------------

--
-- Структура таблицы `roles`
--

CREATE TABLE `roles` (
  `role` varchar(32) NOT NULL
) ENGINE=InnoDB DEFAULT CHARSET=utf8;

--
-- Дамп данных таблицы `roles`
--

INSERT INTO `roles` (`role`) VALUES
('Администратор'),
('Инженер'),
('Менеджер');

-- --------------------------------------------------------

--
-- Структура таблицы `signin`
--

CREATE TABLE `signin` (
  `id` varchar(32) NOT NULL,
  `login` varchar(32) NOT NULL,
  `checkkey` varchar(32) NOT NULL,
  `date` datetime NOT NULL
) ENGINE=MyISAM DEFAULT CHARSET=utf8;

--
-- Дамп данных таблицы `signin`
--

INSERT INTO `signin` (`id`, `login`, `checkkey`, `date`) VALUES
('G6uhkRxY834', 'test', 'b07f41e73c3f7f9bf11693998491efeb', '2018-04-25 15:52:27'),
('GJ3COg64AOP', 'admin', 'cc55d2dd747f82971f01eee7b4230d2c', '0000-00-00 00:00:00'),
('G1ke048Pjp4', 'test', 'c1b4b4743ccb6a3a91aa0c4251654d93', '2018-05-14 10:46:08'),
('GCitgV4Vlu8', 'test', '24a73c4db8ac88ae619bc4ba7d4caf61', '2018-05-23 10:04:55'),
('G0SJ63RJfse', 'test', '0f95513eeaba5dbf8069ce0c071f9769', '2018-05-23 10:31:37'),
('GgL626bOULb', 'test', 'de2efc6383c1538c02282dfc7ffcea0d', '2018-05-23 10:47:39'),
('GlXmAD3aVo4', 'test', '9c091969d438996edbf1d899f09ef925', '0000-00-00 00:00:00');

-- --------------------------------------------------------

--
-- Структура таблицы `structures`
--

CREATE TABLE `structures` (
  `id` int(11) NOT NULL,
  `objectType` varchar(10) NOT NULL,
  `objectId` int(11) DEFAULT NULL,
  `name` varchar(64) DEFAULT NULL,
  `parent` int(11) NOT NULL,
  `priority` int(11) DEFAULT '0',
  `info` varchar(512) DEFAULT NULL
) ENGINE=InnoDB DEFAULT CHARSET=utf8;

--
-- Дамп данных таблицы `structures`
--

INSERT INTO `structures` (`id`, `objectType`, `objectId`, `name`, `parent`, `priority`, `info`) VALUES
(1, 'folder', 0, 'Администрирование', 0, 3, 'Привет'),
(2, 'folder', 0, 'Пользователи', 1, 0, ''),
(3, 'folder', 0, 'Роли', 1, 0, ''),
(30, 'folder', 0, 'База знаний', 0, 0, ''),
(32, 'folder', 0, 'Проекты', 0, 1, ''),
(33, 'folder', 0, 'Шаблоны', 0, 2, ''),
(66, 'table', 0, 'Новая таблица', 98, 0, ''),
(96, 'value', 2, 'Тест', 30, 0, ''),
(97, 'value', 3, 'еуые', 30, 0, ''),
(98, 'folder', 0, 'Новая папка', 30, 0, ''),
(100, 'folder', 0, 'Файлы', 0, 5, ''),
(101, 'value', 4, 'Новое', 30, 0, ''),
(102, 'table', 0, 'Таблица для тестирования копирования', 30, 0, ''),
(103, 'table', 0, 'Новая таблица 2', 98, 0, ''),
(116, 'file', 0, 'evil-plan-baby.jpg', 100, 0, ''),
(119, 'file', 0, 'Структура.xlsx', 100, 0, ''),
(123, 'file', 0, 'ЧТЗ На ПО СКУ20180305(Николенко).docx', 100, 0, '');

--
-- Индексы сохранённых таблиц
--

--
-- Индексы таблицы `fields`
--
ALTER TABLE `fields`
  ADD PRIMARY KEY (`id`);

--
-- Индексы таблицы `main_log`
--
ALTER TABLE `main_log`
  ADD PRIMARY KEY (`id`);

--
-- Индексы таблицы `my_list`
--
ALTER TABLE `my_list`
  ADD PRIMARY KEY (`id`);

--
-- Индексы таблицы `my_values`
--
ALTER TABLE `my_values`
  ADD PRIMARY KEY (`id`);

--
-- Индексы таблицы `password`
--
ALTER TABLE `password`
  ADD PRIMARY KEY (`login`);

--
-- Индексы таблицы `registration`
--
ALTER TABLE `registration`
  ADD PRIMARY KEY (`login`);

--
-- Индексы таблицы `rights`
--
ALTER TABLE `rights`
  ADD PRIMARY KEY (`id`);

--
-- Индексы таблицы `roles`
--
ALTER TABLE `roles`
  ADD PRIMARY KEY (`role`);

--
-- Индексы таблицы `signin`
--
ALTER TABLE `signin`
  ADD PRIMARY KEY (`id`);

--
-- Индексы таблицы `structures`
--
ALTER TABLE `structures`
  ADD PRIMARY KEY (`id`);

--
-- AUTO_INCREMENT для сохранённых таблиц
--

--
-- AUTO_INCREMENT для таблицы `fields`
--
ALTER TABLE `fields`
  MODIFY `id` int(11) NOT NULL AUTO_INCREMENT, AUTO_INCREMENT=950;

--
-- AUTO_INCREMENT для таблицы `main_log`
--
ALTER TABLE `main_log`
  MODIFY `id` int(11) NOT NULL AUTO_INCREMENT, AUTO_INCREMENT=478;

--
-- AUTO_INCREMENT для таблицы `my_list`
--
ALTER TABLE `my_list`
  MODIFY `id` int(11) NOT NULL AUTO_INCREMENT, AUTO_INCREMENT=14;

--
-- AUTO_INCREMENT для таблицы `my_values`
--
ALTER TABLE `my_values`
  MODIFY `id` int(11) NOT NULL AUTO_INCREMENT, AUTO_INCREMENT=6;

--
-- AUTO_INCREMENT для таблицы `rights`
--
ALTER TABLE `rights`
  MODIFY `id` int(11) NOT NULL AUTO_INCREMENT, AUTO_INCREMENT=102;

--
-- AUTO_INCREMENT для таблицы `structures`
--
ALTER TABLE `structures`
  MODIFY `id` int(11) NOT NULL AUTO_INCREMENT, AUTO_INCREMENT=124;
COMMIT;

/*!40101 SET CHARACTER_SET_CLIENT=@OLD_CHARACTER_SET_CLIENT */;
/*!40101 SET CHARACTER_SET_RESULTS=@OLD_CHARACTER_SET_RESULTS */;
/*!40101 SET COLLATION_CONNECTION=@OLD_COLLATION_CONNECTION */;
